{
  "numeric": {
    "age": {
      "missing_fill": 59.37774922917256,
      "mean": 59.63459130417119,
      "std": 10.583196261544222,
      "transform_type": "zscore"
    },
    "num_admissions": {
      "missing_fill": 2.0,
      "mean": 0.9475586391193843,
      "std": 0.5407452778435605,
      "transform_type": "log1p"
    },
    "num_labs": {
      "missing_fill": 20.0,
      "mean": 3.018424090723721,
      "std": 0.20988821107283206,
      "transform_type": "log1p"
    }
  },
  "binary": {
    "has_diabetes": {
      "missing_fill": 0.0
    },
    "has_hypertension": {
      "missing_fill": 0.0
    }
  },
  "categorical": {
    "sex": {
      "missing_fill": "F",
      "vocab": [
        "F",
        "M"
      ]
    }
  }
}