{
  "numeric": {
    "age": {
      "missing_fill": 60.0385407327221,
      "mean": 59.8424861943968,
      "std": 11.519210431403296,
      "transform_type": "zscore"
    },
    "num_admissions": {
      "missing_fill": 2.0,
      "mean": 0.9994736283999229,
      "std": 0.5083957950451669,
      "transform_type": "log1p"
    },
    "num_labs": {
      "missing_fill": 20.0,
      "mean": 3.0108239234077447,
      "std": 0.23003955148225805,
      "transform_type": "log1p"
    }
  },
  "binary": {
    "has_diabetes": {
      "missing_fill": 0.0
    },
    "has_hypertension": {
      "missing_fill": 0.0
    }
  },
  "categorical": {
    "sex": {
      "missing_fill": "F",
      "vocab": [
        "F",
        "M"
      ]
    }
  }
}